Gazepoint Analysis,v6.0.0
Processed on,Mon Feb 17 16:11:48 2020

Note: -1 values indicate an AOI that was never viewed
AOI Summary
Media ID, Media Name, Media Duration (sec - U=UserControlled), AOI ID, AOI Name, AOI Start (sec), AOI Duration (sec - U=UserControlled), Viewers (#), Total Viewers (#), Ave Time to 1st View (sec), Ave Time Viewed (sec), Ave Time Viewed (%), Ave Fixations (#), Revisitors (#), Average Revisits (#), 
0, NewMedia0, U, 0, Task, 0, U, 39, 39, 17.211, 61.465, 6.243, 176.923, 39, 67.026, 
0, NewMedia0, U, 1, Map1, 0.000, U, 39, 39, 17.276, 59.136, 6.006, 182.513, 39, 95.282, 
0, NewMedia0, U, 2, Map2, 0.000, U, 38, 39, 7.324, 50.770, 5.157, 167.237, 38, 92.421, 
0, NewMedia0, U, 3, Map3, 0.000, U, 39, 39, 36.466, 42.364, 4.303, 118.308, 38, 53.289, 
0, NewMedia0, U, 4, Map4, 0.000, U, 39, 39, 27.858, 33.244, 3.376, 110.308, 39, 61.308, 
0, NewMedia0, U, 5, Histogram, 0.000, U, 39, 39, 37.852, 42.824, 4.350, 141.410, 38, 68.289, 
0, NewMedia0, U, 6, Ranking, 0.000, U, 39, 39, 45.999, 30.948, 3.143, 98.744, 39, 52.795, 

AOI Statistics (for each user)
Media ID, Media Name, Media Duration (sec - U=UserControlled), AOI ID, AOI Name, AOI Start, AOI Duration (sec - U=UserControlled), User ID, User Name, User Gender, User Age, Time to 1st View (sec), Time Viewed (sec), Time Viewed (%), Fixations (#), Revisits (#), 
0, NewMedia0, U, 0, Task, 0.000, U, 0, user1, M, 0, 7.968, 121.046, 12.294, 292.000, 89, 
0, NewMedia0, U, 0, Task, 0.000, U, 1, user2, M, 0, 4.075, 66.530, 6.757, 184.000, 31, 
0, NewMedia0, U, 0, Task, 0.000, U, 2, user3, M, 0, 0.953, 86.017, 8.737, 173.000, 36, 
0, NewMedia0, U, 0, Task, 0.000, U, 3, user4, M, 0, 3.023, 126.239, 12.822, 393.000, 144, 
0, NewMedia0, U, 0, Task, 0.000, U, 4, user5, M, 0, 4.189, 3.196, 0.325, 19.000, 10, 
0, NewMedia0, U, 0, Task, 0.000, U, 5, user6, M, 0, 6.769, 34.317, 3.485, 98.000, 32, 
0, NewMedia0, U, 0, Task, 0.000, U, 6, user7, M, 0, 332.502, 0.361, 0.037, 3.000, 3, 
0, NewMedia0, U, 0, Task, 0.000, U, 7, user8, M, 0, 6.588, 145.636, 14.792, 394.000, 115, 
0, NewMedia0, U, 0, Task, 0.000, U, 8, user9, M, 0, 1.100, 16.621, 1.688, 95.000, 75, 
0, NewMedia0, U, 0, Task, 0.000, U, 9, user10, M, 0, 0.000, 53.176, 5.401, 155.000, 59, 
0, NewMedia0, U, 0, Task, 0.000, U, 10, user11, M, 0, 2.531, 47.690, 4.844, 136.000, 49, 
0, NewMedia0, U, 0, Task, 0.000, U, 11, user12, M, 0, 0.000, 73.450, 7.460, 174.000, 44, 
0, NewMedia0, U, 0, Task, 0.000, U, 12, user13, M, 0, 4.106, 13.279, 1.349, 50.000, 30, 
0, NewMedia0, U, 0, Task, 0.000, U, 13, user14, M, 0, 0.914, 76.742, 7.794, 207.000, 84, 
0, NewMedia0, U, 0, Task, 0.000, U, 14, user15, M, 0, 0.000, 88.242, 8.962, 216.000, 62, 
0, NewMedia0, U, 0, Task, 0.000, U, 15, user16, M, 0, 4.813, 88.055, 8.943, 247.000, 77, 
0, NewMedia0, U, 0, Task, 0.000, U, 16, user17, M, 0, 1.953, 79.844, 8.109, 193.000, 41, 
0, NewMedia0, U, 0, Task, 0.000, U, 17, user18, M, 0, 0.000, 140.797, 14.300, 303.000, 61, 
0, NewMedia0, U, 0, Task, 0.000, U, 18, user19, M, 0, 4.945, 85.141, 8.647, 253.000, 57, 
0, NewMedia0, U, 0, Task, 0.000, U, 19, user20, M, 0, 1.422, 62.359, 6.334, 198.000, 73, 
0, NewMedia0, U, 0, Task, 0.000, U, 20, user21, M, 0, 2.516, 84.969, 8.630, 186.000, 48, 
0, NewMedia0, U, 0, Task, 0.000, U, 21, user22, M, 0, 3.220, 42.048, 4.271, 177.000, 143, 
0, NewMedia0, U, 0, Task, 0.000, U, 22, user23, M, 0, 0.109, 11.719, 1.190, 59.000, 36, 
0, NewMedia0, U, 0, Task, 0.000, U, 23, user24, M, 0, 1.313, 58.453, 5.937, 197.000, 67, 
0, NewMedia0, U, 0, Task, 0.000, U, 24, user25, M, 0, 2.656, 20.578, 2.090, 114.000, 86, 
0, NewMedia0, U, 0, Task, 0.000, U, 25, user26, M, 0, 2.250, 65.344, 6.637, 176.000, 61, 
0, NewMedia0, U, 0, Task, 0.000, U, 26, user27, M, 0, 0.453, 24.750, 2.514, 106.000, 48, 
0, NewMedia0, U, 0, Task, 0.000, U, 27, user28, M, 0, 0.000, 32.453, 3.296, 115.000, 57, 
0, NewMedia0, U, 0, Task, 0.000, U, 28, user29, M, 0, 57.016, 15.438, 1.568, 90.000, 74, 
0, NewMedia0, U, 0, Task, 0.000, U, 29, user30, M, 0, 3.219, 45.344, 4.605, 196.000, 101, 
0, NewMedia0, U, 0, Task, 0.000, U, 30, user31, M, 0, 0.000, 79.375, 8.062, 221.000, 83, 
0, NewMedia0, U, 0, Task, 0.000, U, 31, user32, M, 0, 2.281, 139.469, 14.165, 328.000, 76, 
0, NewMedia0, U, 0, Task, 0.000, U, 33, user33, M, 0, 0.531, 52.906, 5.374, 186.000, 128, 
0, NewMedia0, U, 0, Task, 0.000, U, 34, uesr34, M, 0, 2.406, 70.563, 7.167, 187.000, 94, 
0, NewMedia0, U, 0, Task, 0.000, U, 35, user35, M, 0, 2.760, 16.435, 1.669, 50.000, 18, 
0, NewMedia0, U, 0, Task, 0.000, U, 36, user36, M, 0, 2.218, 70.827, 7.194, 230.000, 120, 
0, NewMedia0, U, 0, Task, 0.000, U, 37, user37, M, 0, 191.475, 18.582, 1.887, 77.000, 35, 
0, NewMedia0, U, 0, Task, 0.000, U, 38, user38, M, 0, 5.359, 105.023, 10.667, 282.000, 85, 
0, NewMedia0, U, 0, Task, 0.000, U, 39, user39, M, 0, 3.609, 34.141, 3.468, 140.000, 82, 
0, NewMedia0, U, 1, Map1, 0.000, U, 0, user1, M, 0, 0.000, 203.127, 20.631, 394.000, 103, 
0, NewMedia0, U, 1, Map1, 0.000, U, 1, user2, M, 0, 2.087, 101.615, 10.321, 277.000, 111, 
0, NewMedia0, U, 1, Map1, 0.000, U, 2, user3, M, 0, 1.265, 157.681, 16.015, 319.000, 66, 
0, NewMedia0, U, 1, Map1, 0.000, U, 3, user4, M, 0, 0.099, 85.471, 8.681, 262.000, 137, 
0, NewMedia0, U, 1, Map1, 0.000, U, 4, user5, M, 0, 5.241, 0.906, 0.092, 7.000, 5, 
0, NewMedia0, U, 1, Map1, 0.000, U, 5, user6, M, 0, 1.789, 5.211, 0.529, 26.000, 20, 
0, NewMedia0, U, 1, Map1, 0.000, U, 6, user7, M, 0, 566.398, 0.297, 0.030, 4.000, 1, 
0, NewMedia0, U, 1, Map1, 0.000, U, 7, user8, M, 0, 1.594, 95.869, 9.737, 265.000, 138, 
0, NewMedia0, U, 1, Map1, 0.000, U, 8, user9, M, 0, 0.328, 26.424, 2.684, 137.000, 102, 
0, NewMedia0, U, 1, Map1, 0.000, U, 9, user10, M, 0, 3.154, 69.555, 7.064, 189.000, 92, 
0, NewMedia0, U, 1, Map1, 0.000, U, 10, user11, M, 0, 0.526, 57.118, 5.801, 197.000, 117, 
0, NewMedia0, U, 1, Map1, 0.000, U, 11, user12, M, 0, 4.704, 66.663, 6.771, 164.000, 79, 
0, NewMedia0, U, 1, Map1, 0.000, U, 12, user13, M, 0, 0.921, 57.421, 5.832, 151.000, 80, 
0, NewMedia0, U, 1, Map1, 0.000, U, 13, user14, M, 0, 0.078, 29.625, 3.009, 109.000, 71, 
0, NewMedia0, U, 1, Map1, 0.000, U, 14, user15, M, 0, 4.164, 83.031, 8.433, 239.000, 130, 
0, NewMedia0, U, 1, Map1, 0.000, U, 15, user16, M, 0, 3.086, 98.234, 9.977, 294.000, 119, 
0, NewMedia0, U, 1, Map1, 0.000, U, 16, user17, M, 0, 0.000, 54.367, 5.522, 170.000, 83, 
0, NewMedia0, U, 1, Map1, 0.000, U, 17, user18, M, 0, 2.445, 88.547, 8.993, 189.000, 94, 
0, NewMedia0, U, 1, Map1, 0.000, U, 18, user19, M, 0, 1.266, 39.664, 4.029, 129.000, 68, 
0, NewMedia0, U, 1, Map1, 0.000, U, 19, user20, M, 0, 1.266, 34.297, 3.483, 165.000, 120, 
0, NewMedia0, U, 1, Map1, 0.000, U, 20, user21, M, 0, 2.281, 60.094, 6.104, 219.000, 106, 
0, NewMedia0, U, 1, Map1, 0.000, U, 21, user22, M, 0, 3.681, 57.658, 5.856, 215.000, 116, 
0, NewMedia0, U, 1, Map1, 0.000, U, 22, user23, M, 0, 6.031, 11.328, 1.151, 58.000, 41, 
0, NewMedia0, U, 1, Map1, 0.000, U, 23, user24, M, 0, 0.563, 67.000, 6.805, 216.000, 96, 
0, NewMedia0, U, 1, Map1, 0.000, U, 24, user25, M, 0, 2.250, 35.016, 3.556, 187.000, 130, 
0, NewMedia0, U, 1, Map1, 0.000, U, 25, user26, M, 0, 6.141, 33.000, 3.352, 115.000, 79, 
0, NewMedia0, U, 1, Map1, 0.000, U, 26, user27, M, 0, 3.281, 36.984, 3.756, 152.000, 80, 
0, NewMedia0, U, 1, Map1, 0.000, U, 27, user28, M, 0, 2.484, 19.438, 1.974, 69.000, 47, 
0, NewMedia0, U, 1, Map1, 0.000, U, 28, user29, M, 0, 8.375, 65.406, 6.643, 311.000, 206, 
0, NewMedia0, U, 1, Map1, 0.000, U, 29, user30, M, 0, 4.891, 101.578, 10.317, 328.000, 154, 
0, NewMedia0, U, 1, Map1, 0.000, U, 30, user31, M, 0, 1.156, 83.094, 8.440, 254.000, 127, 
0, NewMedia0, U, 1, Map1, 0.000, U, 31, user32, M, 0, 6.469, 90.188, 9.160, 260.000, 148, 
0, NewMedia0, U, 1, Map1, 0.000, U, 33, user33, M, 0, 0.000, 29.969, 3.044, 112.000, 88, 
0, NewMedia0, U, 1, Map1, 0.000, U, 34, uesr34, M, 0, 2.500, 49.750, 5.053, 179.000, 94, 
0, NewMedia0, U, 1, Map1, 0.000, U, 35, user35, M, 0, 10.777, 18.054, 1.834, 60.000, 23, 
0, NewMedia0, U, 1, Map1, 0.000, U, 36, user36, M, 0, 5.355, 69.189, 7.027, 211.000, 113, 
0, NewMedia0, U, 1, Map1, 0.000, U, 37, user37, M, 0, 1.035, 41.683, 4.234, 130.000, 81, 
0, NewMedia0, U, 1, Map1, 0.000, U, 38, user38, M, 0, 2.727, 23.461, 2.383, 90.000, 73, 
0, NewMedia0, U, 1, Map1, 0.000, U, 39, user39, M, 0, 3.367, 58.289, 5.920, 265.000, 178, 
0, NewMedia0, U, 2, Map2, 0.000, U, 0, user1, M, 0, 1.183, 219.785, 22.323, 402.000, 145, 
0, NewMedia0, U, 2, Map2, 0.000, U, 1, user2, M, 0, 0.000, 31.405, 3.190, 103.000, 62, 
0, NewMedia0, U, 2, Map2, 0.000, U, 2, user3, M, 0, 2.382, 35.182, 3.573, 97.000, 54, 
0, NewMedia0, U, 2, Map2, 0.000, U, 3, user4, M, 0, 1.712, 55.162, 5.603, 190.000, 111, 
0, NewMedia0, U, 2, Map2, 0.000, U, 4, user5, M, 0, -1.000, 0.000, 0.000, 0.000, 0, 
0, NewMedia0, U, 2, Map2, 0.000, U, 5, user6, M, 0, 1.083, 3.965, 0.403, 16.000, 7, 
0, NewMedia0, U, 2, Map2, 0.000, U, 6, user7, M, 0, 246.595, 0.198, 0.020, 4.000, 3, 
0, NewMedia0, U, 2, Map2, 0.000, U, 7, user8, M, 0, 4.125, 79.496, 8.074, 270.000, 146, 
0, NewMedia0, U, 2, Map2, 0.000, U, 8, user9, M, 0, 0.115, 43.053, 4.373, 193.000, 129, 
0, NewMedia0, U, 2, Map2, 0.000, U, 9, user10, M, 0, 0.675, 48.052, 4.880, 165.000, 82, 
0, NewMedia0, U, 2, Map2, 0.000, U, 10, user11, M, 0, 0.066, 49.596, 5.037, 178.000, 101, 
0, NewMedia0, U, 2, Map2, 0.000, U, 11, user12, M, 0, 0.165, 43.312, 4.399, 104.000, 51, 
0, NewMedia0, U, 2, Map2, 0.000, U, 12, user13, M, 0, 1.283, 59.146, 6.007, 172.000, 82, 
0, NewMedia0, U, 2, Map2, 0.000, U, 13, user14, M, 0, 0.000, 32.789, 3.330, 130.000, 77, 
0, NewMedia0, U, 2, Map2, 0.000, U, 14, user15, M, 0, 0.117, 81.828, 8.311, 229.000, 110, 
0, NewMedia0, U, 2, Map2, 0.000, U, 15, user16, M, 0, 0.031, 62.172, 6.315, 218.000, 128, 
0, NewMedia0, U, 2, Map2, 0.000, U, 16, user17, M, 0, 0.539, 52.617, 5.344, 138.000, 48, 
0, NewMedia0, U, 2, Map2, 0.000, U, 17, user18, M, 0, 1.852, 68.453, 6.953, 136.000, 77, 
0, NewMedia0, U, 2, Map2, 0.000, U, 18, user19, M, 0, 0.375, 40.984, 4.163, 124.000, 51, 
0, NewMedia0, U, 2, Map2, 0.000, U, 19, user20, M, 0, 0.000, 65.125, 6.615, 278.000, 145, 
0, NewMedia0, U, 2, Map2, 0.000, U, 20, user21, M, 0, 0.438, 87.656, 8.903, 352.000, 153, 
0, NewMedia0, U, 2, Map2, 0.000, U, 21, user22, M, 0, 0.000, 37.162, 3.774, 143.000, 102, 
0, NewMedia0, U, 2, Map2, 0.000, U, 22, user23, M, 0, 1.375, 11.859, 1.205, 55.000, 35, 
0, NewMedia0, U, 2, Map2, 0.000, U, 23, user24, M, 0, 0.125, 53.422, 5.426, 168.000, 95, 
0, NewMedia0, U, 2, Map2, 0.000, U, 24, user25, M, 0, 1.859, 16.609, 1.687, 114.000, 92, 
0, NewMedia0, U, 2, Map2, 0.000, U, 25, user26, M, 0, 0.000, 45.922, 4.664, 133.000, 75, 
0, NewMedia0, U, 2, Map2, 0.000, U, 26, user27, M, 0, 6.750, 34.328, 3.487, 163.000, 115, 
0, NewMedia0, U, 2, Map2, 0.000, U, 27, user28, M, 0, 1.891, 21.797, 2.214, 101.000, 69, 
0, NewMedia0, U, 2, Map2, 0.000, U, 28, user29, M, 0, 0.656, 45.531, 4.624, 225.000, 177, 
0, NewMedia0, U, 2, Map2, 0.000, U, 29, user30, M, 0, 0.000, 31.188, 3.168, 141.000, 90, 
0, NewMedia0, U, 2, Map2, 0.000, U, 30, user31, M, 0, 0.406, 73.344, 7.449, 234.000, 125, 
0, NewMedia0, U, 2, Map2, 0.000, U, 31, user32, M, 0, 0.125, 95.031, 9.652, 265.000, 131, 
0, NewMedia0, U, 2, Map2, 0.000, U, 33, user33, M, 0, 2.125, 32.344, 3.285, 95.000, 52, 
0, NewMedia0, U, 2, Map2, 0.000, U, 34, uesr34, M, 0, 0.000, 62.625, 6.361, 204.000, 119, 
0, NewMedia0, U, 2, Map2, 0.000, U, 35, user35, M, 0, 0.051, 4.183, 0.425, 17.000, 8, 
0, NewMedia0, U, 2, Map2, 0.000, U, 36, user36, M, 0, 0.214, 50.536, 5.133, 180.000, 129, 
0, NewMedia0, U, 2, Map2, 0.000, U, 37, user37, M, 0, 0.000, 32.061, 3.256, 104.000, 57, 
0, NewMedia0, U, 2, Map2, 0.000, U, 38, user38, M, 0, 0.000, 54.219, 5.507, 206.000, 102, 
0, NewMedia0, U, 2, Map2, 0.000, U, 39, user39, M, 0, 0.000, 67.141, 6.819, 308.000, 177, 
0, NewMedia0, U, 3, Map3, 0.000, U, 0, user1, M, 0, 7.065, 54.950, 5.581, 109.000, 43, 
0, NewMedia0, U, 3, Map3, 0.000, U, 1, user2, M, 0, 16.544, 32.005, 3.251, 95.000, 53, 
0, NewMedia0, U, 3, Map3, 0.000, U, 2, user3, M, 0, 19.172, 34.237, 3.477, 65.000, 19, 
0, NewMedia0, U, 3, Map3, 0.000, U, 3, user4, M, 0, 23.674, 39.308, 3.992, 124.000, 80, 
0, NewMedia0, U, 3, Map3, 0.000, U, 4, user5, M, 0, 271.599, 0.261, 0.027, 3.000, 1, 
0, NewMedia0, U, 3, Map3, 0.000, U, 5, user6, M, 0, 14.029, 3.125, 0.317, 22.000, 17, 
0, NewMedia0, U, 3, Map3, 0.000, U, 6, user7, M, 0, 332.600, 0.017, 0.002, 1.000, 0, 
0, NewMedia0, U, 3, Map3, 0.000, U, 7, user8, M, 0, 0.100, 85.545, 8.689, 228.000, 63, 
0, NewMedia0, U, 3, Map3, 0.000, U, 8, user9, M, 0, 2.004, 14.345, 1.457, 64.000, 44, 
0, NewMedia0, U, 3, Map3, 0.000, U, 9, user10, M, 0, 1.793, 13.189, 1.340, 50.000, 28, 
0, NewMedia0, U, 3, Map3, 0.000, U, 10, user11, M, 0, 65.519, 48.836, 4.960, 129.000, 45, 
0, NewMedia0, U, 3, Map3, 0.000, U, 11, user12, M, 0, 50.437, 95.599, 9.710, 188.000, 81, 
0, NewMedia0, U, 3, Map3, 0.000, U, 12, user13, M, 0, 3.878, 48.976, 4.974, 129.000, 76, 
0, NewMedia0, U, 3, Map3, 0.000, U, 13, user14, M, 0, 28.680, 49.500, 5.028, 154.000, 35, 
0, NewMedia0, U, 3, Map3, 0.000, U, 14, user15, M, 0, 4.281, 84.586, 8.591, 223.000, 63, 
0, NewMedia0, U, 3, Map3, 0.000, U, 15, user16, M, 0, 14.766, 65.367, 6.639, 180.000, 92, 
0, NewMedia0, U, 3, Map3, 0.000, U, 16, user17, M, 0, 30.422, 71.289, 7.241, 158.000, 44, 
0, NewMedia0, U, 3, Map3, 0.000, U, 17, user18, M, 0, 35.367, 44.781, 4.548, 83.000, 31, 
0, NewMedia0, U, 3, Map3, 0.000, U, 18, user19, M, 0, 1.086, 36.523, 3.710, 127.000, 72, 
0, NewMedia0, U, 3, Map3, 0.000, U, 19, user20, M, 0, 20.422, 24.453, 2.484, 80.000, 22, 
0, NewMedia0, U, 3, Map3, 0.000, U, 20, user21, M, 0, 13.375, 59.609, 6.054, 230.000, 64, 
0, NewMedia0, U, 3, Map3, 0.000, U, 21, user22, M, 0, 127.191, 43.611, 4.429, 138.000, 50, 
0, NewMedia0, U, 3, Map3, 0.000, U, 22, user23, M, 0, 6.453, 17.516, 1.779, 69.000, 39, 
0, NewMedia0, U, 3, Map3, 0.000, U, 23, user24, M, 0, 5.500, 52.828, 5.366, 117.000, 53, 
0, NewMedia0, U, 3, Map3, 0.000, U, 24, user25, M, 0, 1.625, 34.469, 3.501, 144.000, 101, 
0, NewMedia0, U, 3, Map3, 0.000, U, 25, user26, M, 0, 58.938, 62.484, 6.346, 154.000, 37, 
0, NewMedia0, U, 3, Map3, 0.000, U, 26, user27, M, 0, 0.813, 40.469, 4.110, 159.000, 77, 
0, NewMedia0, U, 3, Map3, 0.000, U, 27, user28, M, 0, 32.844, 25.422, 2.582, 99.000, 69, 
0, NewMedia0, U, 3, Map3, 0.000, U, 28, user29, M, 0, 18.813, 31.547, 3.204, 123.000, 65, 
0, NewMedia0, U, 3, Map3, 0.000, U, 29, user30, M, 0, 21.953, 24.953, 2.534, 96.000, 56, 
0, NewMedia0, U, 3, Map3, 0.000, U, 30, user31, M, 0, 18.906, 83.844, 8.516, 244.000, 125, 
0, NewMedia0, U, 3, Map3, 0.000, U, 31, user32, M, 0, 17.906, 62.344, 6.332, 125.000, 70, 
0, NewMedia0, U, 3, Map3, 0.000, U, 33, user33, M, 0, 38.250, 16.219, 1.647, 66.000, 39, 
0, NewMedia0, U, 3, Map3, 0.000, U, 34, uesr34, M, 0, 29.906, 103.031, 10.465, 214.000, 51, 
0, NewMedia0, U, 3, Map3, 0.000, U, 35, user35, M, 0, 24.577, 4.665, 0.474, 15.000, 11, 
0, NewMedia0, U, 3, Map3, 0.000, U, 36, user36, M, 0, 26.401, 25.515, 2.592, 80.000, 48, 
0, NewMedia0, U, 3, Map3, 0.000, U, 37, user37, M, 0, 14.029, 37.969, 3.856, 96.000, 31, 
0, NewMedia0, U, 3, Map3, 0.000, U, 38, user38, M, 0, 2.602, 62.102, 6.307, 155.000, 66, 
0, NewMedia0, U, 3, Map3, 0.000, U, 39, user39, M, 0, 18.672, 16.711, 1.697, 78.000, 64, 
0, NewMedia0, U, 4, Map4, 0.000, U, 0, user1, M, 0, 3.567, 83.949, 8.526, 172.000, 86, 
0, NewMedia0, U, 4, Map4, 0.000, U, 1, user2, M, 0, 17.020, 20.826, 2.115, 66.000, 38, 
0, NewMedia0, U, 4, Map4, 0.000, U, 2, user3, M, 0, 54.642, 26.451, 2.687, 65.000, 34, 
0, NewMedia0, U, 4, Map4, 0.000, U, 3, user4, M, 0, 0.822, 30.954, 3.144, 120.000, 81, 
0, NewMedia0, U, 4, Map4, 0.000, U, 4, user5, M, 0, 19.732, 0.261, 0.027, 2.000, 1, 
0, NewMedia0, U, 4, Map4, 0.000, U, 5, user6, M, 0, 3.564, 1.156, 0.117, 11.000, 8, 
0, NewMedia0, U, 4, Map4, 0.000, U, 6, user7, M, 0, 118.599, 0.164, 0.017, 2.000, 1, 
0, NewMedia0, U, 4, Map4, 0.000, U, 7, user8, M, 0, 2.465, 35.433, 3.599, 112.000, 61, 
0, NewMedia0, U, 4, Map4, 0.000, U, 8, user9, M, 0, 18.070, 15.587, 1.583, 82.000, 66, 
0, NewMedia0, U, 4, Map4, 0.000, U, 9, user10, M, 0, 1.661, 12.928, 1.313, 45.000, 32, 
0, NewMedia0, U, 4, Map4, 0.000, U, 10, user11, M, 0, 1.965, 24.235, 2.461, 86.000, 49, 
0, NewMedia0, U, 4, Map4, 0.000, U, 11, user12, M, 0, 61.746, 85.413, 8.675, 181.000, 48, 
0, NewMedia0, U, 4, Map4, 0.000, U, 12, user13, M, 0, 4.813, 59.289, 6.022, 164.000, 100, 
0, NewMedia0, U, 4, Map4, 0.000, U, 13, user14, M, 0, 21.469, 33.086, 3.360, 145.000, 51, 
0, NewMedia0, U, 4, Map4, 0.000, U, 14, user15, M, 0, 25.500, 39.836, 4.046, 131.000, 64, 
0, NewMedia0, U, 4, Map4, 0.000, U, 15, user16, M, 0, 0.000, 39.547, 4.017, 149.000, 96, 
0, NewMedia0, U, 4, Map4, 0.000, U, 16, user17, M, 0, 36.273, 13.492, 1.370, 43.000, 32, 
0, NewMedia0, U, 4, Map4, 0.000, U, 17, user18, M, 0, 31.258, 31.867, 3.237, 65.000, 30, 
0, NewMedia0, U, 4, Map4, 0.000, U, 18, user19, M, 0, 0.281, 19.344, 1.965, 87.000, 56, 
0, NewMedia0, U, 4, Map4, 0.000, U, 19, user20, M, 0, 113.922, 16.703, 1.696, 65.000, 43, 
0, NewMedia0, U, 4, Map4, 0.000, U, 20, user21, M, 0, 12.438, 32.422, 3.293, 185.000, 103, 
0, NewMedia0, U, 4, Map4, 0.000, U, 21, user22, M, 0, 126.057, 7.792, 0.791, 39.000, 29, 
0, NewMedia0, U, 4, Map4, 0.000, U, 22, user23, M, 0, 13.781, 31.906, 3.241, 112.000, 50, 
0, NewMedia0, U, 4, Map4, 0.000, U, 23, user24, M, 0, 23.813, 66.141, 6.718, 172.000, 106, 
0, NewMedia0, U, 4, Map4, 0.000, U, 24, user25, M, 0, 30.906, 38.234, 3.883, 182.000, 116, 
0, NewMedia0, U, 4, Map4, 0.000, U, 25, user26, M, 0, 1.016, 48.547, 4.931, 115.000, 55, 
0, NewMedia0, U, 4, Map4, 0.000, U, 26, user27, M, 0, 9.844, 32.438, 3.295, 162.000, 100, 
0, NewMedia0, U, 4, Map4, 0.000, U, 27, user28, M, 0, 13.531, 34.750, 3.529, 144.000, 77, 
0, NewMedia0, U, 4, Map4, 0.000, U, 28, user29, M, 0, 1.031, 51.313, 5.212, 186.000, 97, 
0, NewMedia0, U, 4, Map4, 0.000, U, 29, user30, M, 0, 24.250, 26.266, 2.668, 85.000, 53, 
0, NewMedia0, U, 4, Map4, 0.000, U, 30, user31, M, 0, 0.906, 39.500, 4.012, 152.000, 111, 
0, NewMedia0, U, 4, Map4, 0.000, U, 31, user32, M, 0, 19.375, 37.219, 3.780, 102.000, 67, 
0, NewMedia0, U, 4, Map4, 0.000, U, 33, user33, M, 0, 42.406, 19.250, 1.955, 70.000, 41, 
0, NewMedia0, U, 4, Map4, 0.000, U, 34, uesr34, M, 0, 74.250, 32.125, 3.263, 96.000, 42, 
0, NewMedia0, U, 4, Map4, 0.000, U, 35, user35, M, 0, 0.000, 21.347, 2.168, 46.000, 24, 
0, NewMedia0, U, 4, Map4, 0.000, U, 36, user36, M, 0, 26.631, 20.274, 2.059, 91.000, 70, 
0, NewMedia0, U, 4, Map4, 0.000, U, 37, user37, M, 0, 105.963, 14.751, 1.498, 38.000, 15, 
0, NewMedia0, U, 4, Map4, 0.000, U, 38, user38, M, 0, 3.992, 55.219, 5.608, 194.000, 95, 
0, NewMedia0, U, 4, Map4, 0.000, U, 39, user39, M, 0, 18.914, 96.500, 9.801, 338.000, 163, 
0, NewMedia0, U, 5, Histogram, 0.000, U, 0, user1, M, 0, 23.806, 43.752, 4.444, 112.000, 64, 
0, NewMedia0, U, 5, Histogram, 0.000, U, 1, user2, M, 0, 23.608, 31.635, 3.213, 119.000, 67, 
0, NewMedia0, U, 5, Histogram, 0.000, U, 2, user3, M, 0, 20.471, 94.824, 9.631, 235.000, 46, 
0, NewMedia0, U, 5, Histogram, 0.000, U, 3, user4, M, 0, 1.447, 50.945, 5.174, 176.000, 93, 
0, NewMedia0, U, 5, Histogram, 0.000, U, 4, user5, M, 0, 339.878, 0.312, 0.032, 2.000, 0, 
0, NewMedia0, U, 5, Histogram, 0.000, U, 5, user6, M, 0, 5.305, 0.933, 0.095, 6.000, 5, 
0, NewMedia0, U, 5, Histogram, 0.000, U, 6, user7, M, 0, 491.159, 0.148, 0.015, 2.000, 2, 
0, NewMedia0, U, 5, Histogram, 0.000, U, 7, user8, M, 0, 19.452, 117.279, 11.912, 351.000, 111, 
0, NewMedia0, U, 5, Histogram, 0.000, U, 8, user9, M, 0, 24.923, 37.022, 3.760, 186.000, 129, 
0, NewMedia0, U, 5, Histogram, 0.000, U, 9, user10, M, 0, 23.938, 31.995, 3.250, 108.000, 57, 
0, NewMedia0, U, 5, Histogram, 0.000, U, 10, user11, M, 0, 11.157, 42.950, 4.362, 147.000, 61, 
0, NewMedia0, U, 5, Histogram, 0.000, U, 11, user12, M, 0, 32.315, 77.061, 7.827, 169.000, 38, 
0, NewMedia0, U, 5, Histogram, 0.000, U, 12, user13, M, 0, 1.528, 9.743, 0.990, 44.000, 34, 
0, NewMedia0, U, 5, Histogram, 0.000, U, 13, user14, M, 0, 92.703, 32.156, 3.266, 121.000, 61, 
0, NewMedia0, U, 5, Histogram, 0.000, U, 14, user15, M, 0, 1.438, 43.664, 4.435, 120.000, 49, 
0, NewMedia0, U, 5, Histogram, 0.000, U, 15, user16, M, 0, 31.242, 34.953, 3.550, 130.000, 75, 
0, NewMedia0, U, 5, Histogram, 0.000, U, 16, user17, M, 0, 12.039, 42.391, 4.305, 122.000, 51, 
0, NewMedia0, U, 5, Histogram, 0.000, U, 17, user18, M, 0, 37.883, 40.008, 4.063, 125.000, 44, 
0, NewMedia0, U, 5, Histogram, 0.000, U, 18, user19, M, 0, 17.328, 61.742, 6.271, 154.000, 46, 
0, NewMedia0, U, 5, Histogram, 0.000, U, 19, user20, M, 0, 11.234, 30.547, 3.103, 135.000, 78, 
0, NewMedia0, U, 5, Histogram, 0.000, U, 20, user21, M, 0, 0.094, 24.969, 2.536, 100.000, 49, 
0, NewMedia0, U, 5, Histogram, 0.000, U, 21, user22, M, 0, 10.008, 119.062, 12.093, 381.000, 139, 
0, NewMedia0, U, 5, Histogram, 0.000, U, 22, user23, M, 0, 12.406, 18.938, 1.923, 75.000, 35, 
0, NewMedia0, U, 5, Histogram, 0.000, U, 23, user24, M, 0, 29.688, 18.422, 1.871, 71.000, 40, 
0, NewMedia0, U, 5, Histogram, 0.000, U, 24, user25, M, 0, 25.328, 13.328, 1.354, 94.000, 89, 
0, NewMedia0, U, 5, Histogram, 0.000, U, 25, user26, M, 0, 8.891, 75.234, 7.641, 203.000, 78, 
0, NewMedia0, U, 5, Histogram, 0.000, U, 26, user27, M, 0, 15.656, 23.891, 2.426, 99.000, 50, 
0, NewMedia0, U, 5, Histogram, 0.000, U, 27, user28, M, 0, 12.625, 12.219, 1.241, 64.000, 44, 
0, NewMedia0, U, 5, Histogram, 0.000, U, 28, user29, M, 0, 18.125, 21.938, 2.228, 114.000, 87, 
0, NewMedia0, U, 5, Histogram, 0.000, U, 29, user30, M, 0, 3.453, 44.500, 4.520, 184.000, 107, 
0, NewMedia0, U, 5, Histogram, 0.000, U, 30, user31, M, 0, 8.375, 114.719, 11.652, 337.000, 154, 
0, NewMedia0, U, 5, Histogram, 0.000, U, 31, user32, M, 0, 23.594, 118.719, 12.058, 313.000, 128, 
0, NewMedia0, U, 5, Histogram, 0.000, U, 33, user33, M, 0, 3.000, 72.469, 7.360, 253.000, 94, 
0, NewMedia0, U, 5, Histogram, 0.000, U, 34, uesr34, M, 0, 4.625, 19.750, 2.006, 62.000, 45, 
0, NewMedia0, U, 5, Histogram, 0.000, U, 35, user35, M, 0, 21.792, 11.406, 1.159, 37.000, 17, 
0, NewMedia0, U, 5, Histogram, 0.000, U, 36, user36, M, 0, 1.380, 47.819, 4.857, 180.000, 91, 
0, NewMedia0, U, 5, Histogram, 0.000, U, 37, user37, M, 0, 0.245, 33.237, 3.376, 124.000, 62, 
0, NewMedia0, U, 5, Histogram, 0.000, U, 38, user38, M, 0, 16.953, 30.156, 3.063, 127.000, 93, 
0, NewMedia0, U, 5, Histogram, 0.000, U, 39, user39, M, 0, 37.133, 25.320, 2.572, 133.000, 82, 
0, NewMedia0, U, 6, Ranking, 0.000, U, 0, user1, M, 0, 69.067, 96.342, 9.785, 188.000, 80, 
0, NewMedia0, U, 6, Ranking, 0.000, U, 1, user2, M, 0, 41.630, 34.801, 3.535, 111.000, 36, 
0, NewMedia0, U, 6, Ranking, 0.000, U, 2, user3, M, 0, 16.741, 46.555, 4.728, 92.000, 24, 
0, NewMedia0, U, 6, Ranking, 0.000, U, 3, user4, M, 0, 0.541, 42.026, 4.268, 156.000, 84, 
0, NewMedia0, U, 6, Ranking, 0.000, U, 4, user5, M, 0, 329.462, 2.927, 0.297, 16.000, 13, 
0, NewMedia0, U, 6, Ranking, 0.000, U, 5, user6, M, 0, 5.129, 3.163, 0.321, 17.000, 12, 
0, NewMedia0, U, 6, Ranking, 0.000, U, 6, user7, M, 0, 491.482, 0.790, 0.080, 6.000, 4, 
0, NewMedia0, U, 6, Ranking, 0.000, U, 7, user8, M, 0, 3.007, 43.463, 4.414, 149.000, 68, 
0, NewMedia0, U, 6, Ranking, 0.000, U, 8, user9, M, 0, 7.260, 14.103, 1.432, 71.000, 57, 
0, NewMedia0, U, 6, Ranking, 0.000, U, 9, user10, M, 0, 1.414, 11.647, 1.183, 42.000, 25, 
0, NewMedia0, U, 6, Ranking, 0.000, U, 10, user11, M, 0, 1.167, 31.338, 3.183, 105.000, 50, 
0, NewMedia0, U, 6, Ranking, 0.000, U, 11, user12, M, 0, 69.726, 26.205, 2.662, 61.000, 17, 
0, NewMedia0, U, 6, Ranking, 0.000, U, 12, user13, M, 0, 9.365, 54.089, 5.494, 147.000, 74, 
0, NewMedia0, U, 6, Ranking, 0.000, U, 13, user14, M, 0, 22.813, 25.313, 2.571, 100.000, 60, 
0, NewMedia0, U, 6, Ranking, 0.000, U, 14, user15, M, 0, 27.492, 30.906, 3.139, 84.000, 33, 
0, NewMedia0, U, 6, Ranking, 0.000, U, 15, user16, M, 0, 16.164, 21.188, 2.152, 89.000, 59, 
0, NewMedia0, U, 6, Ranking, 0.000, U, 16, user17, M, 0, 21.117, 34.516, 3.506, 99.000, 41, 
0, NewMedia0, U, 6, Ranking, 0.000, U, 17, user18, M, 0, 28.586, 34.969, 3.552, 77.000, 27, 
0, NewMedia0, U, 6, Ranking, 0.000, U, 18, user19, M, 0, 6.672, 17.602, 1.788, 66.000, 47, 
0, NewMedia0, U, 6, Ranking, 0.000, U, 19, user20, M, 0, 71.094, 11.469, 1.165, 53.000, 35, 
0, NewMedia0, U, 6, Ranking, 0.000, U, 20, user21, M, 0, 26.734, 23.922, 2.430, 107.000, 61, 
0, NewMedia0, U, 6, Ranking, 0.000, U, 21, user22, M, 0, 54.905, 12.238, 1.243, 58.000, 35, 
0, NewMedia0, U, 6, Ranking, 0.000, U, 22, user23, M, 0, 14.313, 10.406, 1.057, 48.000, 38, 
0, NewMedia0, U, 6, Ranking, 0.000, U, 23, user24, M, 0, 21.781, 35.656, 3.621, 116.000, 80, 
0, NewMedia0, U, 6, Ranking, 0.000, U, 24, user25, M, 0, 0.000, 26.453, 2.687, 142.000, 102, 
0, NewMedia0, U, 6, Ranking, 0.000, U, 25, user26, M, 0, 33.859, 33.109, 3.363, 88.000, 44, 
0, NewMedia0, U, 6, Ranking, 0.000, U, 26, user27, M, 0, 9.297, 4.469, 0.454, 21.000, 16, 
0, NewMedia0, U, 6, Ranking, 0.000, U, 27, user28, M, 0, 12.984, 10.828, 1.100, 40.000, 37, 
0, NewMedia0, U, 6, Ranking, 0.000, U, 28, user29, M, 0, 99.875, 52.406, 5.323, 189.000, 101, 
0, NewMedia0, U, 6, Ranking, 0.000, U, 29, user30, M, 0, 27.828, 25.703, 2.611, 98.000, 59, 
0, NewMedia0, U, 6, Ranking, 0.000, U, 30, user31, M, 0, 22.875, 56.000, 5.688, 199.000, 108, 
0, NewMedia0, U, 6, Ranking, 0.000, U, 31, user32, M, 0, 23.594, 98.375, 9.992, 244.000, 120, 
0, NewMedia0, U, 6, Ranking, 0.000, U, 33, user33, M, 0, 7.781, 58.063, 5.897, 178.000, 80, 
0, NewMedia0, U, 6, Ranking, 0.000, U, 34, uesr34, M, 0, 0.313, 6.688, 0.679, 32.000, 23, 
0, NewMedia0, U, 6, Ranking, 0.000, U, 35, user35, M, 0, 22.753, 13.580, 1.379, 35.000, 20, 
0, NewMedia0, U, 6, Ranking, 0.000, U, 36, user36, M, 0, 4.878, 23.803, 2.418, 84.000, 53, 
0, NewMedia0, U, 6, Ranking, 0.000, U, 37, user37, M, 0, 111.616, 17.156, 1.742, 57.000, 21, 
0, NewMedia0, U, 6, Ranking, 0.000, U, 38, user38, M, 0, 16.805, 74.367, 7.553, 233.000, 114, 
0, NewMedia0, U, 6, Ranking, 0.000, U, 39, user39, M, 0, 41.828, 40.359, 4.099, 153.000, 101, 